sn,amusing_name,ra,dec,z,ST,STerr,COL,COLerr,Bmag,Bmagerr
SN2012fr,NGC1365,03:33:35.99,-36:07:37.7,0.0054,1.077,0.004,0.01,0.014,12.007,0.011
SN2006mr,NGC1316_1,03:22:42.84,-37:12:28.5,0.005508,0.5,0.004,0.695,0.016,15.327,0.018
SN2006dd,NGC1316_1,03:22:41.64,-37:12:13.2,0.005871,0.972,0.009,-0.049,0.014,12.242,0.016
SN2001A,NGC4261,12:19:23.01,+05:49:40.5,0.007469,nan,nan,nan,nan,nan,nan
SN2009Y,NGC5728_1,14:42:23.68,-17:14:48.4,0.009316,1.018,0.014,0.167,0.015,13.981,0.044
SN1999ee,IC5179,22:16:09.40,-36:50:31.5,0.01141,1.063,0.004,0.252,0.002,14.847,0.009
SN2017dps,IC4296,13:36:40.04,-33:58:01.29,0.012465,nan,nan,nan,nan,nan,nan
SN2008ee,NGC0307,00:56:32.96,-01:46:16.0,0.0134,nan,nan,nan,nan,nan,nan
SN2017cze,2MIG_1546,11:09:46.82,-13:22:50.66,0.01486,nan,nan,nan,nan,nan,nan
SN2000ey,IC1481,23:19:25.09,+05:54:21.9,0.02041,nan,nan,nan,nan,nan,nan
PS1-14xw,NGC6240,16:52:57.63,+02:23:36.5,0.02448,nan,nan,nan,nan,nan,nan
SN2016aew,IC986,14:11:26.49,+01:17:09.47,0.025001,nan,nan,nan,nan,nan,nan
iPTF14ans,PTF14ans,15:04:29.97,+02:19:51.25,0.03197,nan,nan,nan,nan,nan,nan
SN2007nq,3C029,00:57:33.60,-01:23:19.5,0.043904,0.766,0.011,-0.006,0.025,17.388,0.018
SN2010jo,3C029,00:57:35.61,-01:23:33.3,0.045,nan,nan,nan,nan,nan,nan
SN2012fq,CANDELSCDFS16,03:32:32.9,-27:51:21.13,0.67,nan,nan,nan,nan,nan,nan
iPTF13ebh,NaN,02:21:59.98,+33:16:13.70,0.01327,0.74,0.003,0.121,0.012,15.072,0.029
SN2012fm,NaN,06:56:13.39,+84:04:50.20,0.014,nan,nan,nan,nan,nan,nan
SN2011hk,NaN,02:18:45.80,-06:38:30.45,0.018,nan,nan,nan,nan,nan,nan
PS1-12bwh,NaN,07:09:24.29,+39:06:15.80,0.025,nan,nan,nan,nan,nan,nan
SNHunt263,NaN,09:08:42.48,+44:48:13.20,0.0268,nan,nan,nan,nan,nan,nan
SN2013fn,NaN,21:00:23.67,-14:29:52.42,0.027,nan,nan,nan,nan,nan,nan
SNHunt206,NaN,01:58:42.76,+08:20:39.51,0.027,nan,nan,nan,nan,nan,nan
PSNJ08593491+4555343,NaN,08:59:34.91,+45:55:34.30,0.028,nan,nan,nan,nan,nan,nan
SN2011hb,NaN,23:27:55.51,+08:46:45.45,0.029,nan,nan,nan,nan,nan,nan
iPTF13dkj,NaN,23:08:50.74,+20:04:08.59,0.03,nan,nan,nan,nan,nan,nan
SN2013fj,NaN,22:15:28.48,+15:34:03.19,0.03357,nan,nan,nan,nan,nan,nan
LSQ12gef,NaN,01:40:33.75,+18:30:36.74,0.065,nan,nan,nan,nan,nan,nan
SN2013be,NaN,12:36:27.64,+11:45:27.96,0.06585,nan,nan,nan,nan,nan,nan
iPTF14gdr,NaN,00:27:58.35,-05:12:59.50,0.07,nan,nan,nan,nan,nan,nan
ASASSN-15ja,ASASSN15ja,01:09:39.033,-61:19:58.33,0.026321,nan,nan,nan,nan,nan,nan
SN2010ae,SN2010ae,07:15:54.65,-57:20:36.9,0.003662,0.428,0.005,0.521,0.018,17.171,0.053
SN2008ge,SN2008ge,04:08:24.68,-47:53:47.4,0.003916,nan,nan,nan,nan,nan,nan
SN2008ha,SN2008ha,23:34:52.69,+18:13:35.4,0.004623,0.584,0.007,0.594,0.016,18.12,0.035
SN2010el,SN2010el,04:19:58.83,-54:56:38.5,0.005,nan,nan,nan,nan,nan,nan
SN2012Z,SN2012Z,03:22:05.3964,-15:23:14.939,0.007125,0.901,0.004,0.253,0.009,14.591,0.016
SN2002fk,SN2012Z,03:22:05.71,-15:24:03.2,0.007132,1.01,0.006,-0.125,0.009,13.163,0.018
SN2013gr,SN2013gr,01:46:27.90,-58:40:23.8,0.0074,nan,nan,nan,nan,nan,nan
SN2004do,SN2011ce,18:55:33.72,-53:43:22.8,0.0086,nan,nan,nan,nan,nan,nan
SN2011ce,SN2011ce,18:55:35.84,-53:43:29.1,0.0086,nan,nan,nan,nan,nan,nan
SN2005hk,SN2005hk,00:27:50.87,-01:11:52.51,0.01306,0.867,0.005,0.182,0.014,15.847,0.014
SN2004cs,SN2004cs,17:50:14.38,+14:16:59.5,0.014,nan,nan,nan,nan,nan,nan
SN2009J,SN2009J,05:55:21.13,-76:55:20.8,0.0158,0.926,0.052,-0.53,0.062,16.992,0.092
SN2009iw,SN2009J,05:55:25.63,-76:55:15.9,0.0159,nan,nan,nan,nan,nan,nan
SN1991bj,SN1991bj,03:41:30.47,-04:39:49.5,0.01815,nan,nan,nan,nan,nan,nan
SN2002cx,SN2002cx,13:13:49.72,+06:57:31.9,0.02396,0.606,0.006,0.168,0.016,17.476,0.023
SN2008ae,SN2008ae,09:56:03.20,+10:29:58.8,0.03006,0.704,0.01,0.495,0.022,18.564,0.02
SN2014dt,SN2014dt,12:21:57.57,+04:28:18.5,0.0052,nan,nan,nan,nan,nan,nan
SN2012bm,NaN,13:05:45.62,+46:27:52.39,0.0248,nan,nan,nan,nan,nan,nan
SN2005cc,NaN,13:57:04.85,+41:50:41.8,0.0074,0.724,0.012,0.563,0.012,16.73,0.015
SN2002ci,NaN,16:15:37.95,+31:19:17.4,0.02223,nan,nan,nan,nan,nan,nan
SN2012hj,NaN,11:07:19.19,+46:22:46.2,0.024597,nan,nan,nan,nan,nan,nan
SN2007sw,NaN,12:13:36.88,+46:29:36.1,0.0252,1.046,0.016,0.117,0.017,16.271,0.026
SN2017ckx,NaN,07:48:11.01,+28:13:49.04,0.027675,nan,nan,nan,nan,nan,nan
PTF11bui,NaN,13:12:56.40,+47:27:12.5,0.02846,nan,nan,nan,nan,nan,nan
SN2017frb,NaN,21:11:36.85,+11:29:50.82,0.029378,nan,nan,nan,nan,nan,nan
iPTF13f,NaN,16:29:26.18,+38:25:11.15,0.03,nan,nan,nan,nan,nan,nan
ASASSN-15ns,NaN,16:40:28.02,+39:19:12.8,0.030671,nan,nan,nan,nan,nan,nan
SN1988B,NaN,10:19:07.2,+46:28:06.0,0.031,nan,nan,nan,nan,nan,nan
SN2017fel,NaN,21:29:13.38,-00:17:40.93,0.031,nan,nan,nan,nan,nan,nan
SN2004ct,NaN,15:43:45.75,+28:24:59.5,0.033,nan,nan,nan,nan,nan,nan
ASASSN-15pn,NaN,04:03:26.32,-05:29:31.3,0.038393,nan,nan,nan,nan,nan,nan
SN2017boa,NaN,14:30:31.63,+52:42:15.57,0.045,nan,nan,nan,nan,nan,nan
PTF11mty,NaN,21:34:05.20,+10:25:24.6,0.077,nan,nan,nan,nan,nan,nan
SN2006iq,NaN,21:39:33.75,+10:29:05.5,0.07885,nan,nan,nan,nan,nan,nan
PTF12izc,NaN,23:43:34.37,+00:34:07.2,0.08,nan,nan,nan,nan,nan,nan
SN2008ar,SN2008ar,12:24:37.92,+10:50:17.4,0.026147,1.015,0.009,-0.161,0.103,16.201,0.021
SN2006D,SN2006D,12:52:33.87,-09:46:30.8,0.008529,0.818,0.006,0.088,0.013,14.142,0.022
SN2007al,SN2007al,09:59:18.48,-19:28:25.8,0.012122,0.664,0.043,0.846,0.018,17.45,0.037
SN2007S,SN2007S,10:00:31.26,+04:24:26.2,0.01388,1.115,0.008,0.376,0.017,15.819,0.013
SN2004ey,SN2004ey,21:49:07.81,+00:26:39.2,0.014627,1.006,0.005,-0.089,0.018,14.713,0.055
SN2008bc,SN2008bc,09:38:31.23,-63:58:25.6,0.015707,1.038,0.006,-0.065,0.013,14.599,0.107
SN2006ef,SN2006ef,02:04:19.51,-08:43:42.2,0.017006,0.849,0.011,-0.108,0.037,15.52,0.017
SN2013bz,SN2013bz,13:26:51.32,-10:01:32.2,0.019163,nan,nan,nan,nan,nan,nan
SN2008ff,SN2008ff,20:13:59.96,-44:21:07.8,0.0192,nan,nan,nan,nan,nan,nan
SN2006ej,SN2006ej,00:38:59.77,-09:00:56.6,0.019333,0.841,0.011,-0.047,0.025,15.721,0.022
SN2014cd,SN2014cd,04:23:47.19,-51:36:02.9,0.020608,1.202,0.061,0.136,0.085,15.485,0.143
SN2007bc,SN2007bc,11:19:16.627,+20:48:32.5,0.02077,0.894,0.01,0.01,0.021,15.896,0.017
SN2006et,SN2006et,00:42:45.82,-23:33:30.4,0.021178,1.065,0.007,0.154,0.017,15.951,0.012
CSP14abn,CSP14abn,13:56:04.19,-43:35:09.90,0.0225,nan,nan,nan,nan,nan,nan
SN2005M,SN2005M,09:37:32.76,+23:12:02.7,0.022972,1.138,0.004,-0.016,0.013,15.897,0.015
SN2005bg,SN2005bg,12:17:17.23,+16:22:17.6,0.024159,1.044,0.021,0.031,0.017,15.799,0.019
SN2006br,SN2006br,13:30:01.80,+13:24:56.8,0.02459,0.88,0.028,0.805,0.032,18.896,0.029
SN2012G,SN2012G,12:39:35.10,+16:35:11.9,0.025,nan,nan,nan,nan,nan,nan
SN2009D,SN2009D,03:54:22.83,-19:10:54.2,0.025007,1.053,0.022,-0.028,0.015,15.702,0.032
SN2009I,SN2009I,02:45:10.40,-04:42:49.4,0.0262,nan,nan,nan,nan,nan,nan
SN2005na,SN2005na,07:01:36.62,+14:07:59.7,0.026815,0.974,0.009,-0.122,0.025,15.986,0.034
SN2009aa,SN2009aa,11:23:42.28,-22:16:14.5,0.02731,nan,nan,nan,nan,nan,nan
SN2004gs,SN2004gs,08:38:23.28,+17:37:39.8,0.027498,0.757,0.007,0.225,0.018,17.166,0.016
SN2011jt,SN2011jt,14:53:23.01,+02:57:43.1,0.0278,nan,nan,nan,nan,nan,nan
SN2007so,SN2007so,02:47:43.13,+13:15:14.8,0.0297,nan,nan,nan,nan,nan,nan
SN2004ef,SN2004ef,22:42:10.53,+19:59:40.4,0.029771,0.855,0.003,0.339,0.018,17.041,0.024
SN2012E,SN2012E,02:33:22.79,+09:35:05.6,0.03,nan,nan,nan,nan,nan,nan
SN2005lu,SN2005lu,02:36:03.71,-17:15:50.0,0.031293,1.122,0.019,-0.013,0.054,17.252,0.059
SN2006is,SN2006is,05:17:34.37,-23:46:54.2,0.031421,1.182,0.02,-0.012,0.03,16.107,0.036
SN2006os,SN2006os,02:55:01.01,+16:00:34.8,0.032081,0.947,0.016,0.297,0.026,17.553,0.06
SN2006bt,SN2006bt,15:56:33.81,+20:02:45.3,0.032156,1.005,0.01,0.13,0.025,16.935,0.022
SN2014at,SN2014at,21:46:14.82,-46:31:21.1,0.032912,1.206,0.112,-0.01,0.028,16.467,0.035
SN2007cg,SN2007cg,13:25:33.58,-24:39:08.1,0.033196,0.924,0.043,0.686,0.025,18.182,0.078
SN2013fy,SN2013fy,21:37:27.13,-47:01:54.80,0.034131,nan,nan,nan,nan,nan,nan
SN2005be,SN2005be,14:59:32.72,+16:40:11.6,0.035001,0.803,0.016,-0.028,0.034,16.777,0.041
CSP14aaq,CSP14aaq,06:13:48.04,-67:55:15.00,0.0359,nan,nan,nan,nan,nan,nan
LSQ12cfx,LSQ12cfx,13:59:40.96,-25:22:50.98,0.037178,nan,nan,nan,nan,nan,nan
SN2013az,SN2013az,05:39:52.13,-40:30:28.1,0.037279,nan,nan,nan,nan,nan,nan
SN2008hj,SN2008hj,00:04:01.91,-11:10:07.5,0.03789,0.967,0.04,-0.074,0.026,16.727,0.029
SN2007ba,SN2007ba,15:16:41.814,+07:23:47.8,0.038513,0.656,0.009,0.3,0.023,17.761,0.018
CSP13abl,CSP13abl,06:38:06.97,-75:43:37.21,0.0404,nan,nan,nan,nan,nan,nan
CSP14aar,CSP14aar,05:48:23.49,-66:47:29.70,0.0422,nan,nan,nan,nan,nan,nan
LSQ13dsm,LSQ13dsm,03:33:12.83,-26:12:24.02,0.042511,nan,nan,nan,nan,nan,nan
SN2013ao,SN2013ao,11:44:44.74,-20:31:41.1,0.043121,1.072,0.007,0.16,0.015,16.85,0.016
SN2006hx,SN2006hx,01:13:57.31,+00:22:18.0,0.044404,0.953,0.014,-0.072,0.033,17.481,0.026
SN2006gt,SN2006gt,00:56:17.30,-01:37:46.0,0.044771,0.674,0.014,0.172,0.03,18.2,0.018
SN2005hc,SN2005hc,01:56:47.976,-00:12:49.4,0.044983,1.064,0.01,0.223,0.018,17.326,0.021
SN2005ku,SN2005ku,22:59:42.65,+00:00:49.3,0.045248,0.958,0.024,0.129,0.029,17.566,0.027
SN2008cf,SN2008cf,14:07:32.56,-26:33:06.6,0.046029,1.111,0.042,-0.088,0.021,16.998,0.032
SN2006eq,SN2006eq,21:28:37.13,+01:13:41.5,0.048358,0.721,0.013,0.251,0.034,18.472,0.037
LSQ14ahc,LSQ14ahc,13:43:48.16,-32:54:36.7,0.05,nan,nan,nan,nan,nan,nan
SN2006ot,SN2006ot,02:15:04.84,-20:45:58.2,0.05294,1.052,0.018,0.116,0.024,18.007,0.016
SN2006lu,SN2006lu,09:15:17.63,-25:36:00.3,0.053177,1.025,0.016,-0.071,0.023,17.472,0.053
SN2007ol,SN2007ol,01:37:23.78,-00:18:43.2,0.056161,0.833,0.01,-0.001,0.009,18.0,0.014
SN2005hj,SN2005hj,01:26:48.40,-01:14:16.8,0.056948,1.147,0.017,0.206,0.018,17.755,0.019
LSQ14bbv,LSQ14bbv,19:59:33.12,-56:59:27.84,0.057,nan,nan,nan,nan,nan,nan
SN2006py,SN2006py,22:41:42.04,-00:08:12.9,0.058357,0.993,0.026,-0.029,0.02,17.878,0.027
SN2008go,SN2008go,22:10:44.83,-20:47:17.2,0.059,nan,nan,nan,nan,nan,nan
SN2006ob,SN2006ob,01:51:48.505,+00:15:48.3,0.059238,0.762,0.012,0.199,0.02,18.246,0.018
CSP13aaq,CSP13aaq,04:19:47.21,-63:43:22.04,0.0598,nan,nan,nan,nan,nan,nan
CSP13aao,CSP13aao,05:58:30.38,-63:33:38.30,0.0614,nan,nan,nan,nan,nan,nan
SN2005gj,SN2005gj,03:01:11.96,-00:33:13.9,0.0616,nan,nan,nan,nan,nan,nan
LSQ12agq,LSQ12agq,10:17:41.65,-07:24:54.4,0.064,1.035,0.014,0.098,0.024,18.493,0.021
PS1-14rx,PS1-14rx,12:46:53.35,+14:47:50.1,0.066585,nan,nan,nan,nan,nan,nan
SN2013as,SN2013as,11:52:52.34,-18:59:19.9,0.068566,nan,nan,nan,nan,nan,nan
SN2007mm,SN2007mm,01:05:46.67,-00:45:31.8,0.068921,0.677,0.01,0.468,0.03,19.767,0.021
LSQ12hxx,LSQ12hxx,03:19:44.23,-27:00:25.6,0.069,1.041,0.02,0.022,0.007,18.194,0.009
LSQ13dkp,LSQ13dkp,03:10:09.97,-36:37:44.9,0.07,nan,nan,nan,nan,nan,nan
LSQ12hvj,LSQ12hvj,11:07:38.63,-29:42:41.1,0.071,1.069,0.014,0.068,0.007,18.399,0.019
LSQ12hzs,LSQ12hzs,04:01:53.19,-26:39:50.3,0.072,1.012,0.012,0.105,0.006,18.799,0.011
SN2005ir,SN2005ir,01:16:43.752,+00:47:40.4,0.075254,1.048,0.019,-0.002,0.018,18.455,0.017
SN2007hx,SN2007hx,02:06:27.288,-00:53:58.3,0.078873,1.033,0.021,0.063,0.021,19.243,0.022
SN2005ag,SN2005ag,14:56:43.24,+09:19:42.5,0.079402,1.053,0.012,0.033,0.016,18.452,0.018
LSQ13dcy,LSQ13dcy,04:55:16.42,-20:00:05.7,0.08,nan,nan,nan,nan,nan,nan
LSQ14bjj,LSQ14bjj,14:20:49.08,-05:15:02.1,0.08,nan,nan,nan,nan,nan,nan
SN2006fw,SN2006fw,01:47:10.32,-00:08:49.2,0.081986,0.857,0.019,-0.097,0.018,18.818,0.021
CSP13aad,CSP13aad,01:46:09.34,-67:28:00.10,0.088,nan,nan,nan,nan,nan,nan
CSP13Q,CSP13Q,02:02:21.56,-65:44:08.66,0.088,nan,nan,nan,nan,nan,nan
LSQ14ie,LSQ14ie,12:55:33.43,-32:56:40.4,0.089441,nan,nan,nan,nan,nan,nan
LSQ12aor,LSQ12aor,10:55:17.63,-14:18:01.3,0.093,0.683,0.005,-0.327,0.023,19.266,0.02
LSQ13dhj,LSQ13dhj,02:12:34.51,-37:20:22.8,0.093402,nan,nan,nan,nan,nan,nan
LSQ12ca,LSQ12ca,05:31:03.62,-19:47:59.1,0.098,1.019,0.028,-0.044,0.018,19.091,0.028
CSP12N,CSP12N,12:38:16.19,-15:06:32.15,0.1,nan,nan,nan,nan,nan,nan
LSQ12gzm,LSQ12gzm,02:40:44.0,-34:44:25.87,0.1,1.016,0.045,0.052,0.02,19.519,0.013
LSQ12hnx,LSQ12hnx,02:35:17.80,-30:57:49.4,0.1564,nan,nan,nan,nan,nan,nan
SN2012gm,SN2012gm,23:17:37.03,+14:00:08.9,0.0148,nan,nan,nan,nan,nan,nan
ASASSN-14lp,ASASSN14lp,12:45:09.10,-00:27:32.4,0.005101,1.068,0.004,0.302,0.006,12.219,0.01
ASASSN-13cc,ASASSN13cc,05:32:46.62,-14:02:45.41,0.010441,nan,nan,nan,nan,nan,nan
ASASSN-15aj,ASASSN15aj,10:52:53.26,-32:55:34.86,0.010921,nan,nan,nan,nan,nan,nan
ASASSN-14jc,ASASSN14jc,07:35:35.288,-62:46:12.64,0.011325,nan,nan,nan,nan,nan,nan
ASASSN-14kr,ASASSN14kr,12:54:13.150,-07:38:57.46,0.014,nan,nan,nan,nan,nan,nan
ASASSN-14jg,ASASSN14jg,23:33:13.90,-60:34:11.5,0.014827,nan,nan,nan,nan,nan,nan
ASASSN-14hu,ASASSN14hu,06:43:26.92,-69:38:14.7,0.015,nan,nan,nan,nan,nan,nan
ASASSN-14jz,ASASSN14jz,18:44:44.340,-52:48:05.48,0.015542,nan,nan,nan,nan,nan,nan
ASASSN-13ch,ASASSN13ch,16:16:34.08,-00:35:27.312,0.016151,0.912,0.02,-0.089,0.027,14.416,0.05
ASASSN-13dm,ASASSN13dm,03:02:10.85,+15:55:38.8,0.017,nan,nan,nan,nan,nan,nan
ASASSN-13bb,ASASSN13bb,01:55:20.71,+06:36:35.28,0.017405,nan,nan,nan,nan,nan,nan
ASASSN-13ar,ASASSN13ar,01:18:41.76,-07:26:39.70,0.01775,nan,nan,nan,nan,nan,nan
ASASSN-13cj,ASASSN13cj,16:17:11.04,+04:33:14.688,0.018,nan,nan,nan,nan,nan,nan
ASASSN-14me,ASASSN14me,01:26:40.216,-57:59:49.87,0.018,nan,nan,nan,nan,nan,nan
ASASSN-14ew,ASASSN14ew,20:22:00.88,-51:47:46.5,0.019597,nan,nan,nan,nan,nan,nan
ASASSN-14lw,ASASSN14lw,01:06:49.170,-46:58:59.96,0.020875,nan,nan,nan,nan,nan,nan
ASASSN-14dz,ASASSN14dz,15:05:54.522,+12:44:43.33,0.022202,nan,nan,nan,nan,nan,nan
ASASSN-14fa,ASASSN14fa,02:52:23.06,-31:49:18.0,0.022589,0.863,0.031,-0.1,0.027,15.979,0.036
ASASSN-14eu,ASASSN14eu,15:00:36.84,-03:50:48.9,0.022722,nan,nan,nan,nan,nan,nan
ASASSN-13cp,ASASSN13cp,15:33:49.236,+21:08:21.87,0.023576,nan,nan,nan,nan,nan,nan
ASASSN-13an,ASASSN13an,13:45:36.21,-07:19:32.59,0.023922,nan,nan,nan,nan,nan,nan
ASASSN-14cu,ASASSN14cu,12:47:02.68,-24:14:41.3,0.024797,nan,nan,nan,nan,nan,nan
ASASSN-14ad,ASASSN14ad,12:40:11.10,+18:03:32.76,0.0264,nan,nan,nan,nan,nan,nan
ASASSN-14lu,ASASSN14lu,14:10:39.52,-02:40:56.0,0.026995,nan,nan,nan,nan,nan,nan
ASASSN-13cu,ASASSN13cu,00:40:10.128,-10:26:25.8,0.0272,nan,nan,nan,nan,nan,nan
ASASSN-14mw,ASASSN14mw,01:41:25.16,-65:37:01.26,0.027406,nan,nan,nan,nan,nan,nan
ASASSN-14ig,ASASSN14ig,01:16:04.95,-61:37:16.6,0.029,nan,nan,nan,nan,nan,nan
ASASSN-14mg,ASASSN14mg,02:53:58.10,-21:38:52.86,0.031,nan,nan,nan,nan,nan,nan
ASASSN-14mf,ASASSN14mf,00:04:54.459,-32:26:14.63,0.0311,nan,nan,nan,nan,nan,nan
ASASSN-14lt,ASASSN14lt,03:11:02.540,-13:06:38.76,0.032046,nan,nan,nan,nan,nan,nan
ASASSN-14ba,ASASSN14ba,10:21:31.90,+08:24:21.12,0.032668,nan,nan,nan,nan,nan,nan
ASASSN-14co,ASASSN14co,15:57:29.910,+01:06:33.74,0.03334,nan,nan,nan,nan,nan,nan
ASASSN-14kq,ASASSN14kq,23:45:15.51,-29:47:01.1,0.0336,nan,nan,nan,nan,nan,nan
ASASSN-14hr,ASASSN14hr,01:50:41.230,-14:31:04.75,0.03362,nan,nan,nan,nan,nan,nan
ASASSN-14db,ASASSN14db,22:02:01.85,-70:02:26.1,0.037519,nan,nan,nan,nan,nan,nan
ASASSN-14lv,ASASSN14lv,23:32:07.370,-41:16:11.76,0.049194,nan,nan,nan,nan,nan,nan
SN1994D,SN1994D,12:34:02.395,+07:42:05.70,0.00149,0.9,0.008,-0.057,0.012,11.8,0.013
SN1986G,SN1986G,13:25:36.46,-43:01:53.6,0.00183,0.717,0.009,0.828,0.033,12.052,0.048
SN2001el,SN2001el,03:44:30.60,-44:38:23.4,0.00346,0.99,0.006,0.128,0.009,12.785,0.01
SN2012ht,SN2012ht,10:53:22.75,+16:46:34.9,0.003559,0.956,0.007,0.008,0.013,13.067,0.018
SN2012cu,SN2012cu,12:53:29.35,+02:09:39.0,0.00381,nan,nan,nan,nan,nan,nan
SN2013aa,SN2013aa,14:32:33.88,-44:13:27.8,0.003999,1.029,0.012,-0.102,0.031,11.2,0.091
SN2006X,SN2006X,12:22:53.93,+15:48:33.1,0.00524,0.996,0.005,1.257,0.009,15.244,0.013
SN2007sr,SN2007sr,12:01:52.80,-18:58:21.7,0.005417,1.037,0.01,0.116,0.02,12.721,0.03
SN2007af,SN2007af,14:22:21.03,-00:23:37.6,0.005464,0.975,0.004,0.054,0.012,13.192,0.018
SN2008fp,SN2008fp,07:16:32.60,-29:19:31.8,0.006287,1.048,0.011,0.379,0.012,13.733,0.081
SN2007le,SN2007le,23:38:48.45,-06:31:21.3,0.006721,1.014,0.005,0.299,0.012,13.889,0.016
SN2012hr,SN2012hr,06:21:38.46,-59:42:50.6,0.008,0.982,0.007,0.022,0.013,13.611,0.022
SN2009ig,SN2009ig,02:38:11.62,-01:18:45.3,0.00829,1.082,0.005,-0.227,0.022,13.315,0.046
SN2010ev,SN2010ev,10:25:28.99,-39:49:51.2,0.009211,0.946,0.006,0.304,0.027,14.583,0.043
SN2002cr,SN2002cr,14:06:37.59,-05:26:21.9,0.00948,0.945,0.005,-0.02,0.01,14.195,0.012
SN2009nr,SN2009nr,13:10:58.95,+11:29:29.3,0.011224,1.159,0.022,0.209,0.018,13.932,0.06
SN2009ev,SN2009ev,13:14:17.58,-42:58:48.8,0.011838,nan,nan,nan,nan,nan,nan
SN2012hd,SN2012hd,01:14:07.46,-32:39:07.7,0.012,0.88,0.029,1.626,0.024,17.784,0.064
SN2008J,SN2008J,02:34:24.20,-10:50:38.5,0.015874,nan,nan,nan,nan,nan,nan
SN2007fs,SN2007fs,22:01:40.44,-21:30:29.6,0.01719,0.865,0.043,-0.091,0.022,14.951,0.059
SN2001da,SN2001da,23:53:32.78,+08:07:02.6,0.017195,0.917,0.009,0.214,0.01,15.533,0.023
SN2009le,SN2009le,02:09:17.14,-23:24:44.8,0.017792,1.013,0.012,0.095,0.021,15.3,0.021
SN2007fb,SN2007fb,23:56:52.37,+05:30:31.8,0.018026,0.805,0.017,-0.04,0.022,15.514,0.038
SN2012fw,SN2012fw,21:01:58.99,-48:16:25.9,0.0186,nan,nan,nan,nan,nan,nan
LSQ12dbr,LSQ12dbr,20:58:51.89,-02:58:27.1,0.02,nan,nan,nan,nan,nan,nan
SN2010A,SN2010A,02:32:39.46,+00:37:10.2,0.020698,1.068,0.017,0.128,0.017,15.81,0.018
SN2001cp,SN2001cp,17:11:02.58,+05:50:26.8,0.022402,1.085,0.01,-0.027,0.013,15.623,0.065
SN2008ia,SN2008ia,08:50:35.15,-61:16:40.6,0.022597,0.844,0.01,0.02,0.014,15.79,0.093
PTF12jgb,PTF12jgb,04:15:01.44,-15:20:53.7,0.028188,nan,nan,nan,nan,nan,nan
LSQ12gdj,LSQ12gdj,23:54:43.32,-25:40:34.0,0.03,1.089,0.004,-0.107,0.008,15.845,0.009
SN2008dh,SN2008dh,00:35:11.32,+23:15:15.1,0.037,nan,nan,nan,nan,nan,nan
SN2011iy,SN2011iy,13:08:58.39,-15:31:04.1,0.0043,nan,nan,nan,nan,nan,nan
SN2012cg,SN2012cg,12:27:12.83,+09:25:13.2,0.001458,1.04,0.004,0.114,0.006,12.051,0.01
PTF12iiq,PTF12iiq,02:50:07.76,-00:15:54.4,0.0291,nan,nan,nan,nan,nan,nan
SN2011jh,SN2011jh_3,12:47:14.42,-10:03:47.3,0.0078,nan,nan,nan,nan,nan,nan
SN2013cs,SN2013cs,13:15:14.81,-17:57:55.6,0.009,0.991,0.007,0.057,0.011,13.697,0.035
LSQ12fuk,LSQ12fuk,04:58:15.89,-16:17:57.8,0.02,1.042,0.011,0.112,0.011,15.775,0.033
SN2013da,SN2013da,13:45:36.21,-07:19:32.6,0.024531,nan,nan,nan,nan,nan,nan
PS1-14ra,PS1-14ra,14:41:28.44,+09:25:58.7,0.027731,nan,nan,nan,nan,nan,nan
CSS121114:090202+101800,CSS121114_090202+101800,09:02:02.34,+10:18:00.1,0.037178,nan,nan,nan,nan,nan,nan
LSQ13crf,LSQ13crf,03:10:50.23,+01:25:18.9,0.048911,nan,nan,nan,nan,nan,nan
LSQ14ahm,LSQ14ahm,11:41:22.45,-12:23:57.5,0.05,nan,nan,nan,nan,nan,nan
LSQ14xi,LSQ14xi,12:30:41.17,-13:46:21.9,0.05,nan,nan,nan,nan,nan,nan
PS15aez,PS15aez,11:00:09.77,+05:33:48.5,0.052567,nan,nan,nan,nan,nan,nan
PTF11qmo,PTF11qmo,10:06:49.76,-07:41:12.3,0.055,nan,nan,nan,nan,nan,nan
LSQ14act,LSQ14act,15:59:44.65,-10:26:40.8,0.058357,nan,nan,nan,nan,nan,nan
LSQ13cwp,LSQ13cwp,04:03:50.66,-02:39:18.0,0.067,nan,nan,nan,nan,nan,nan
PTF11qri,PTF11qri,12:47:06.28,-06:19:49.7,0.067347,nan,nan,nan,nan,nan,nan
LSQ12fmx,LSQ12fmx,03:12:52.18,-00:12:12.8,0.067416,nan,nan,nan,nan,nan,nan
PS15mt,PS15mt,09:54:44.17,+23:11:53.1,0.071,nan,nan,nan,nan,nan,nan
CSS130317:082848+293031,CSS130317_082848+293031,08:28:47.78,+29:30:30.8,0.08,nan,nan,nan,nan,nan,nan
LSQ14age,LSQ14age,13:24:08.60,-13:26:25.9,0.080451,nan,nan,nan,nan,nan,nan
PTF11qpc,PTF11qpc,12:20:05.47,+09:24:12.1,0.08881,nan,nan,nan,nan,nan,nan
SN2011ha,SN2011ha,03:57:40.87,+10:09:55.2,0.094,nan,nan,nan,nan,nan,nan
iPTF13dge,iPTF13dge,05:03:35.08,+01:34:17.4,0.015854,1.022,0.005,-0.016,0.016,14.998,0.046
PSNJ07250042+2347030,PSNJ07250042+2347030,07:25:00.42,+23:47:03.0,0.018346,nan,nan,nan,nan,nan,nan
PS15mb,PS15mb,08:59:40.13,+15:11:12.4,0.029103,nan,nan,nan,nan,nan,nan
ASASSN-15hg,ASASSN-15hg,09:53:48.62,+09:11:37.78,0.030473,nan,nan,nan,nan,nan,nan
SN2014dm,SN2014dm,04:08:07.13,-08:49:37.2,0.033,nan,nan,nan,nan,nan,nan
ASASSN-15ho,ASASSN-15ho,09:09:23.89,-04:43:30.98,0.041444,nan,nan,nan,nan,nan,nan
PSNJ10292799+2200468,PSNJ10292799+2200468,10:29:27.99,+22:00:46.8,0.05445,nan,nan,nan,nan,nan,nan
LSQ14aeg,LSQ14aeg,10:19:36.79,+19:33:20.3,0.064452,nan,nan,nan,nan,nan,nan
CSS121009:011101-172841,P99--TO-DO--P99,01:11:01.09,-17:28:42.28,0.06,nan,nan,nan,nan,nan,nan
SN2005ke,P99--TO-DO--P99,03:35:04.35,-24:56:38.8,0.00488,0.678,0.004,0.669,0.012,14.838,0.015
ASASSN-15hf,P99--TO-DO--P99,10:29:30.76,-35:15:35.2,0.006178,nan,nan,nan,nan,nan,nan
SN2005cf,P99--TO-DO--P99,15:21:33.12,-07:26:57.1,0.006461,0.995,0.002,-0.033,0.007,13.237,0.04
ASASSN-15hx,P99--TO-DO--P99,13:43:16.692,-31:33:21.55,0.01,nan,nan,nan,nan,nan,nan
SN2007ca,P99--TO-DO--P99,13:31:05.81,-15:06:06.6,0.014066,1.05,0.008,0.236,0.014,15.87,0.03
SN2009jr,P99--TO-DO--P99,20:26:26.03,+02:54:32.1,0.0165,1.114,0.019,0.391,0.015,16.207,0.056
PTF11pra,P99--TO-DO--P99,02:18:45.81,-06:38:30.5,0.017555,nan,nan,nan,nan,nan,nan
SN2012bl,P99--TO-DO--P99,20:23:55.28,-48:21:17.3,0.0187,nan,nan,nan,nan,nan,nan
SN2014cr,P99--TO-DO--P99,19:37:06.13,-42:17:50.5,0.02,nan,nan,nan,nan,nan,nan
ASASSN-15bm,P99--TO-DO--P99,15:05:51.58,-05:37:37.05,0.021,nan,nan,nan,nan,nan,nan
ASASSN-15be,P99--TO-DO--P99,02:52:46.39,-34:18:52.52,0.0219,nan,nan,nan,nan,nan,nan
SN2011gf,P99--TO-DO--P99,21:12:24.27,-07:48:52.1,0.0245,nan,nan,nan,nan,nan,nan
SN2007cq,P99--TO-DO--P99,22:14:40.41,+05:04:48.6,0.0259,0.943,0.01,-0.019,0.034,15.82,0.045
iPTF14aje,P99--TO-DO--P99,15:25:12.07,-01:48:51.50,0.0277,nan,nan,nan,nan,nan,nan
ASASSN-15hy,P99--TO-DO--P99,20:10:02.35,-00:44:21.31,0.032,nan,nan,nan,nan,nan,nan
LSQ12fhs,P99--TO-DO--P99,22:52:23.45,-20:36:53.3,0.033145,nan,nan,nan,nan,nan,nan
SN2013M,P99--TO-DO--P99,13:59:56.68,-37:51:49.4,0.034954,nan,nan,nan,nan,nan,nan
iPTF13asv,P99--TO-DO--P99,16:22:43.16,+18:57:35.6,0.035,nan,nan,nan,nan,nan,nan
PS1-13eao,P99--TO-DO--P99,03:29:56.35,-28:46:17.7,0.038,nan,nan,nan,nan,nan,nan
SN2014dk,P99--TO-DO--P99,00:28:12.00,+07:09:43.5,0.038,nan,nan,nan,nan,nan,nan
LSQ15alq,P99--TO-DO--P99,13:09:18.56,-25:52:20.24,0.047,nan,nan,nan,nan,nan,nan
LSQ12fvl,P99--TO-DO--P99,05:00:50.04,-38:39:11.3,0.056,nan,nan,nan,nan,nan,nan
LSQ13cmt,P99--TO-DO--P99,01:02:41.95,-21:52:23.4,0.057,nan,nan,nan,nan,nan,nan
LSQ14fmg,P99--TO-DO--P99,22:16:46.1,+15:21:14.1,0.06,nan,nan,nan,nan,nan,nan
LSQ14gde,P99--TO-DO--P99,01:00:42.49,-14:59:33.3,0.061,nan,nan,nan,nan,nan,nan
LSQ15aja,P99--TO-DO--P99,17:03:08.91,+12:27:41.6,0.068,nan,nan,nan,nan,nan,nan
LSQ14asu,P99--TO-DO--P99,11:11:35.94,-21:27:59.7,0.0684,nan,nan,nan,nan,nan,nan
SN2009ku,P99--TO-DO--P99,03:29:53.232,-28:05:12.12,0.079,nan,nan,nan,nan,nan,nan
CSS121006:232854+085452,P99--TO-DO--P99,23:28:54.48,+08:54:51.6,0.08,nan,nan,nan,nan,nan,nan
CSP13abi,P99--TO-DO--P99,05:48:57.85,-66:40:15.70,0.1,nan,nan,nan,nan,nan,nan
LSQ12gln,P99--TO-DO--P99,05:22:59.41,-33:27:51.32,0.112,nan,nan,nan,nan,nan,nan
SN2015H,SN2015H,10:54:42.16,-21:04:13.8,0.01246,0.767,0.01,0.291,0.025,17.192,0.053
SN2010dl,P99--TO-DO--P99,21:35:00.97,-00:30:47.8,0.03,nan,nan,nan,nan,nan,nan
SN2014J,NaN,09:55:42.12,+69:40:25.9,0.000677,1.066,0.004,1.167,0.009,11.332,0.056
SN1963J,NaN,11:50:38.29,+55:21:01.2,0.00318,1.523,0.292,-0.721,0.129,11.741,0.282
SN1998aq,NaN,11:56:25.87,+55:07:43.2,0.003699,0.986,0.005,-0.124,0.008,12.322,0.009
SN2007sa,NaN,11:03:10.78,+56:13:26.3,0.005077,nan,nan,nan,nan,nan,nan
SN1954B,NaN,14:33:24.09,+04:26:41.6,0.00609,nan,nan,nan,nan,nan,nan
SN2012ei,NaN,14:24:05.71,+33:02:56.5,0.006721,nan,nan,nan,nan,nan,nan
SN2007ax,NaN,08:22:43.26,+22:33:16.9,0.006861,0.639,0.013,0.773,0.019,16.322,0.028
SN2006dy,NaN,14:22:11.45,+13:55:14.2,0.007679,nan,nan,nan,nan,nan,nan
SN1989A,NaN,11:27:59.02,+29:30:21.4,0.008359,0.93,0.027,0.05,0.022,13.903,0.014
SN1991B,NaN,14:03:24.4,-06:04:21,0.008579,nan,nan,nan,nan,nan,nan
SN1999ac,NaN,16:07:15.01,+07:58:20.4,0.00944,1.001,0.005,0.055,0.009,14.13,0.02
SN1991ak,NaN,13:56:48.60,+37:47:31.5,0.01015,nan,nan,nan,nan,nan,nan
SN1969C,NaN,11:41:17.8,+47:41:33.0,0.01057,0.487,0.101,-0.435,0.12,12.471,0.357
SN1996aa,NaN,14:18:25.41,+36:29:38.7,0.011,nan,nan,nan,nan,nan,nan
SN1995E,NaN,07:51:56.75,+73:00:34.6,0.01158,0.958,0.019,0.741,0.019,16.709,0.021
SN2017glq,NaN,02:08:28.00,+06:23:16.60,0.011755,nan,nan,nan,nan,nan,nan
SN2016gxq,NaN,08:17:26.83,+21:41:25.55,0.0119,nan,nan,nan,nan,nan,nan
SN1960M,NaN,08:19:47.44,+22:02:28.7,0.012,nan,nan,nan,nan,nan,nan
SN1970J,NaN,23:20:12.0,+08:11:56.0,0.0132,0.935,0.008,-0.405,0.014,14.009,0.034
SN1998dk,NaN,00:14:32.16,-00:44:10.9,0.01322,1.018,0.311,nan,nan,14.848,2.145
SN2001fe,NaN,09:37:57.10,+25:29:41.3,0.013539,1.076,0.023,0.012,0.018,14.684,0.019
SN2015ab,NaN,02:28:32.86,+20:17:07.7,0.0137,nan,nan,nan,nan,nan,nan
SN1999ej,NaN,01:22:57.38,+33:27:58.0,0.01372,0.765,0.009,0.012,0.011,15.393,0.03
SN1992bf,NaN,02:27:55.13,+20:19:45.2,0.014,nan,nan,nan,nan,nan,nan
SN2013gq,NaN,08:17:53.51,+23:28:11.1,0.014,nan,nan,nan,nan,nan,nan
SN1999dq,NaN,02:33:59.68,+20:58:30.4,0.01433,1.095,0.006,0.085,0.01,14.417,0.045
SN1999aa,NaN,08:27:42.03,+21:29:14.8,0.01444,1.113,0.006,-0.055,0.008,14.727,0.018
SN2003dt,NaN,20:47:17.56,+00:18:42.8,0.01447,nan,nan,nan,nan,nan,nan
SN1999dk,NaN,01:31:26.92,+14:17:05.7,0.01496,0.988,0.008,0.052,0.011,14.811,0.024
SN1986N,NaN,04:48:36.3,-06:19:21.50,0.015,nan,nan,nan,nan,nan,nan
SN2005kc,NaN,22:34:07.34,+05:34:06.3,0.01512,0.95,0.006,0.168,0.017,15.505,0.054
SN1995bd,NaN,04:45:21.24,+11:04:02.5,0.0152,1.028,0.011,0.279,0.029,15.261,0.203
iPTF14bdn,NaN,13:30:44.88,+32:45:42.4,0.01558,1.233,0.011,-0.011,0.019,14.828,0.018
SN2001en,NaN,01:25:22.90,+34:01:30.5,0.015871,0.937,0.006,0.004,0.009,15.061,0.023
SN2009fk,NaN,22:44:23.90,-00:09:42.0,0.0162,nan,nan,nan,nan,nan,nan
SN2016hnk,NaN,02:13:16.63,-07:39:40.80,0.016268,nan,nan,nan,nan,nan,nan
SN2000ce,NaN,08:05:09.45,+66:47:15.2,0.01631,1.038,0.026,0.503,0.017,17.039,0.038
SN2007A,NaN,00:25:16.66,+12:53:12.5,0.016463,1.019,0.016,0.137,0.019,15.657,0.032
ASASSN-14iu,NaN,09:10:39.530,+50:22:48.26,0.016855,nan,nan,nan,nan,nan,nan
SN2016itd,NaN,14:18:47.74,+24:56:27.02,0.0175,nan,nan,nan,nan,nan,nan
SN2012T,NaN,14:01:41.69,+33:49:33.9,0.017646,nan,nan,nan,nan,nan,nan
SN2013T,NaN,13:10:19.68,+32:28:25.7,0.017646,nan,nan,nan,nan,nan,nan
SN1997cw,NaN,00:25:17.27,+12:53:06.2,0.01765,1.105,0.031,0.356,0.024,15.939,0.057
SN2009gf,NaN,14:15:37.11,+14:16:48.6,0.0185,0.651,0.013,0.166,0.016,16.096,0.016
SN1999gd,NaN,08:38:24.61,+25:45:33.1,0.01851,0.976,0.038,0.359,0.022,16.923,0.034
SN2001E,NaN,11:49:05.00,-09:44:10.9,0.01926,1.0,0.013,0.48,0.015,16.756,0.022
SN2004di,NaN,15:55:41.02,+47:51:49.1,0.01989,nan,nan,nan,nan,nan,nan
SN2011fs,NaN,22:17:19.52,+35:34:50.0,0.0209,nan,nan,nan,nan,nan,nan
SN2007bz,NaN,12:56:53.77,+22:22:22.1,0.021778,1.125,0.028,0.168,0.016,16.686,0.025
SN1971P,NaN,22:36:05.8,+33:58:31.2,0.022,nan,nan,nan,nan,nan,nan
SNF20080514-002,NaN,13:29:12.84,+11:16:20.5,0.0221,nan,nan,nan,nan,nan,nan
SN2016hgw,NaN,02:57:34.02,+05:58:41.30,0.022886,nan,nan,nan,nan,nan,nan
SN2006eu,NaN,20:02:51.15,+49:19:02.3,0.02359,0.86,0.013,0.204,0.027,17.18,0.077
SN2013di,NaN,22:36:27.46,+21:36:54.3,0.023833,nan,nan,nan,nan,nan,nan
SN1981G,NaN,12:59:36.7,+27:57:48.0,0.024,nan,nan,nan,nan,nan,nan
SN2003lq,NaN,00:03:04.02,-01:54:45.5,0.0243,nan,nan,nan,nan,nan,nan
SN1995L,NaN,13:27:18.34,+32:01:52.7,0.02442,nan,nan,nan,nan,nan,nan
SN2006bb,NaN,08:33:31.09,+41:31:04.1,0.0258,0.74,0.037,0.08,0.042,16.384,0.109
PSNJ15024996+4847062,NaN,15:02:49.96,+48:47:06.2,0.026138,nan,nan,nan,nan,nan,nan
PTF11kju,NaN,02:55:11.98,-00:11:01.6,0.028,nan,nan,nan,nan,nan,nan
SN2012bp,NaN,16:18:12.44,+36:28:52.8,0.02829,nan,nan,nan,nan,nan,nan
SN2005eq,NaN,03:08:49.31,-07:01:59.7,0.028351,1.16,0.009,-0.012,0.03,16.297,0.03
SN2014ac,NaN,15:04:40.09,+12:37:54.0,0.0287,nan,nan,nan,nan,nan,nan
ASASSN-15fs,NaN,18:58:40.816,+43:28:07.88,0.02902,nan,nan,nan,nan,nan,nan
SN2009fv,NaN,16:29:44.22,+40:48:41.8,0.0293,0.886,0.037,0.42,0.025,17.196,0.039
SN2009fl,NaN,16:25:10.10,+40:53:20.8,0.0294,nan,nan,nan,nan,nan,nan
iPTF13dkx,NaN,01:20:53.14,+03:20:23.7,0.03,nan,nan,nan,nan,nan,nan
SN2012go,NaN,22:41:51.83,+34:58:07.4,0.03,nan,nan,nan,nan,nan,nan
SN2009eu,NaN,16:28:41.13,+39:33:12.5,0.0304,nan,nan,nan,nan,nan,nan
ASASSN-14ay,NaN,15:57:03.15,+37:24:57.78,0.030869,nan,nan,nan,nan,nan,nan
SN2006ct,NaN,12:09:57.03,+47:05:43.9,0.03146,nan,nan,nan,nan,nan,nan
SN2006te,NaN,08:11:42.99,+41:33:16.8,0.031592,1.005,0.024,-0.07,0.018,16.513,0.037
SN2011ho,NaN,11:44:12.95,+33:30:58.1,0.0318,nan,nan,nan,nan,nan,nan
SN2007bd,NaN,08:31:32.872,-01:11:58.0,0.031939,0.894,0.008,-0.082,0.024,16.561,0.016
ASASSN-14in,NaN,18:24:29.61,+52:26:32.8,0.033,nan,nan,nan,nan,nan,nan
PS15sv,NaN,16:13:11.74,+01:35:31.1,0.033,nan,nan,nan,nan,nan,nan
SN2013U,NaN,10:01:12.00,+00:19:42.3,0.03451,1.16,0.023,0.076,0.009,16.58,0.021
SN2007hu,NaN,16:56:29.96,+27:58:40.4,0.03539,0.785,0.06,0.39,0.048,17.906,0.079
SN2008dt,NaN,16:56:30.56,+27:58:33.2,0.03539,1.071,0.035,0.88,0.435,18.188,0.115
SN2012fb,NaN,01:50:51.20,+33:08:25.4,0.0405,nan,nan,nan,nan,nan,nan
SNhunt175,NaN,15:19:25.0,+20:54:02.4,0.040878,nan,nan,nan,nan,nan,nan
SN2014ev,NaN,08:35:16.68,+48:19:01.10,0.043,nan,nan,nan,nan,nan,nan
ASASSN-15fj,NaN,17:10:08.55,+74:43:42.6,0.045,nan,nan,nan,nan,nan,nan
LSQ15aae,NaN,16:30:15.70,+05:55:58.73,0.05,nan,nan,nan,nan,nan,nan
iPTF13ayw,NaN,15:39:33.60,+32:05:38.23,0.0538,nan,nan,nan,nan,nan,nan
SN2003ic,NaN,00:41:50.23,-09:18:19.0,0.055672,0.859,0.023,-0.116,0.036,17.355,0.133
PTF11qzq,NaN,07:19:27.24,+54:13:48.0,0.0563,nan,nan,nan,nan,nan,nan
SN2013ar,NaN,08:37:45.02,+49:28:32.2,0.06,nan,nan,nan,nan,nan,nan
CSS140501:170414+174839,NaN,17:04:13.69,+17:48:39.4,0.07,nan,nan,nan,nan,nan,nan
iPTF13ddg,NaN,00:47:50.83,+31:49:17.46,0.084,nan,nan,nan,nan,nan,nan
SN2005P,SN2005P,14:06:34.01,-05:27:42.6,0.00948,nan,nan,nan,nan,nan,nan
SN2004fd,NGC1060,02:43:15.25,+32:25:25.6,0.01731,nan,nan,nan,nan,nan,nan
SN2011hr,NaN,08:54:46.03,+39:32:16.1,0.013279,nan,nan,nan,nan,nan,nan
SN2011gy,NaN,03:29:35.30,+40:52:02.9,0.0169,nan,nan,nan,nan,nan,nan
SN2013fw,NaN,21:13:44.81,+13:34:33.5,0.016952,0.994,0.042,-0.039,0.025,15.006,0.036
SN2014aa,NaN,11:45:03.58,+19:58:25.4,0.016982,nan,nan,nan,nan,nan,nan
PTF12ikt,NaN,01:14:43.13,+00:17:07.1,0.045185,nan,nan,nan,nan,nan,nan
SN2011iu,NaN,23:51:02.28,+46:43:21.7,0.046,nan,nan,nan,nan,nan,nan
SN2002aw,NaN,16:37:29.06,+40:52:50.3,0.026145,0.951,0.028,0.047,0.016,16.23,0.019
PS15aot,NaN,16:28:38.36,+39:32:55.2,0.03,nan,nan,nan,nan,nan,nan
SN2007R,NaN,07:46:37.53,+44:47:22.1,0.03075,0.854,0.019,-0.01,0.018,16.705,0.039
SN2007hj,SN2007hj,23:01:47.89,+15:35:11.4,0.01411,0.66,0.006,0.185,0.022,15.505,0.041
ASASSN-13dd,ASASSN13dd,09:07:36.75,+03:23:39.7,0.012549,nan,nan,nan,nan,nan,nan
SN2008hv,SN2008hv,09:07:34.06,+03:23:32.1,0.013581,0.876,0.005,-0.125,0.019,14.735,0.021
SN2006E,SN2006E,13:53:28.65,+05:12:22.8,0.0027,nan,nan,nan,nan,nan,nan
SN2009mz,SN2009mz,14:03:24.64,-06:03:31.3,0.008579,nan,nan,nan,nan,nan,nan
SN2013aj,SN2013aj,13:54:00.68,-07:55:43.8,0.009,0.942,0.029,-0.087,0.01,14.0,0.03
SN2002ha,SN2002ha,20:47:18.58,+00:18:45.6,0.014046,0.873,0.005,-0.082,0.01,14.714,0.04
SN2006cm,SN2006cm,21:20:17.48,-01:41:03.5,0.016341,1.033,0.024,0.976,0.015,17.932,0.027
SN2009ds,SN2009ds,11:49:04.11,-09:43:44.9,0.019227,1.084,0.01,0.009,0.023,15.551,0.018
SNF20080612-003,SN20080612,16:15:28.39,+19:13:35.9,0.03258,nan,nan,nan,nan,nan,nan
LSQ12hzj,LSQ12hzj,09:59:12.43,-09:00:08.3,0.033532,0.966,0.01,-0.092,0.008,16.487,0.024
SN2002jg,SN2002jg,22:19:28.80,+29:23:04.5,0.01574,0.83,0.01,0.657,0.01,17.194,0.028
SN2012et,SN2012et,23:42:38.82,+27:05:31.5,0.025,nan,nan,nan,nan,nan,nan
SN2011im,P99--TO-DO--P99,22:44:25.22,-00:10:02.0,0.016228,0.904,0.012,0.011,0.026,15.741,0.039
SN2012fk,P99--TO-DO--P99,02:30:52.04,+22:28:45.9,0.035,nan,nan,nan,nan,nan,nan
SN2011io,P99--TO-DO--P99,23:02:47.60,+08:48:09.8,0.039,nan,nan,nan,nan,nan,nan
iPTF13dkl,P99--TO-DO--P99,23:44:57.99,+03:23:40.3,0.04,nan,nan,nan,nan,nan,nan
iPTF14gnl,P99--TO-DO--P99,00:23:48.33,-03:51:27.9,0.05,nan,nan,nan,nan,nan,nan
SN2008ec,NGC7469,23:03:16.56,+08:52:19.8,0.016317,0.913,0.007,0.141,0.012,15.535,0.03
SN1993R,NGC7742,23:44:16.29,+10:46:07.1,0.0055,nan,nan,nan,nan,nan,nan
SN1998dq,NGC6754,19:11:23.78,-50:38:25.5,0.011,nan,nan,nan,nan,nan,nan
SN2000do,NGC6754,19:11:26.19,-50:38:24.5,0.011,nan,nan,nan,nan,nan,nan
SN2013ct,NaN,01:12:54.92,+00:58:45.70,0.004,nan,nan,nan,nan,nan,nan
SNhunt281,NaN,15:05:30.07,+01:38:02.40,0.0041,0.776,0.003,0.026,0.011,13.676,0.022
SN2015G,NaN,20:37:25.57,+66:07:11.68,0.00475,nan,nan,nan,nan,nan,nan
SN2015F,NaN,07:36:15.76,-69:30:23.00,0.005,nan,nan,nan,nan,nan,nan
SN2011iv,NaN,03:38:51.34,-35:35:32.00,0.006,nan,nan,nan,nan,nan,nan
SN2014ba,NaN,22:55:01.97,-39:39:34.50,0.006,nan,nan,nan,nan,nan,nan
ASASSN-15ga,NaN,12:59:27.29,+14:10:15.79,0.007,nan,nan,nan,nan,nan,nan
LSQ13aiz,NaN,13:15:14.81,-17:57:55.65,0.008,nan,nan,nan,nan,nan,nan
SN2011fe,NaN,14:03:05.80,+54:16:25.30,0.008,0.974,0.007,-0.029,0.015,9.959,0.014
SN2013cg,NaN,09:26:56.77,-24:46:59.60,0.008,nan,nan,nan,nan,nan,nan
SN2014D,NaN,12:10:36.76,+18:49:35.40,0.008,nan,nan,nan,nan,nan,nan
SN2013E,NaN,10:00:05.52,-34:14:01.30,0.009,nan,nan,nan,nan,nan,nan
ASASSN-15db,NaN,15:46:58.69,+17:53:02.55,0.011,nan,nan,nan,nan,nan,nan
SN2012ij,NaN,11:40:15.84,+17:27:22.20,0.011,nan,nan,nan,nan,nan,nan
SN2012ah,NaN,23:25:59.63,-81:54:33.30,0.012,nan,nan,nan,nan,nan,nan
SN2013hh,NaN,11:29:04.37,+17:14:09.50,0.013,nan,nan,nan,nan,nan,nan
SN2013gy,NaN,03:42:16.88,-04:43:18.48,0.014,nan,nan,nan,nan,nan,nan
SN2014ao,NaN,08:34:33.32,-02:32:36.10,0.014,nan,nan,nan,nan,nan,nan
CSP12J,NaN,06:07:01.59,-69:21:17.10,0.015,nan,nan,nan,nan,nan,nan
SN2013H,NaN,09:06:30.70,-75:49:01.50,0.015,nan,nan,nan,nan,nan,nan
SN2013hn,NaN,13:48:59.17,-30:17:26.50,0.015,nan,nan,nan,nan,nan,nan
ASASSN-15eb,NaN,08:06:07.40,-22:33:48.86,0.016,nan,nan,nan,nan,nan,nan
PTF11qnr,NaN,22:44:25.45,-00:10:02.00,0.016,nan,nan,nan,nan,nan,nan
SN2012id,NaN,04:42:41.14,+18:34:59.70,0.016,nan,nan,nan,nan,nan,nan
SN2013ay,NaN,18:42:37.86,-64:56:13.50,0.016,nan,nan,nan,nan,nan,nan
CSP15aae,NaN,14:09:55.13,+17:31:55.60,0.0162,0.633,0.004,0.465,0.014,16.705,0.015
iPTF13duj,NaN,21:13:44.78,+13:34:33.10,0.017,nan,nan,nan,nan,nan,nan
iPTF14yw,NaN,11:45:03.58,+19:58:25.40,0.017,nan,nan,nan,nan,nan,nan
ASASSN-15go,NaN,06:11:30.50,-16:29:03.52,0.019,nan,nan,nan,nan,nan,nan
iPTF14w,NaN,12:03:31.29,+02:02:34.00,0.019,nan,nan,nan,nan,nan,nan
SN2014eg,NaN,02:45:09.27,-55:44:16.90,0.019,nan,nan,nan,nan,nan,nan
ASASSN-14lo,NaN,11:51:53.11,+18:32:29.00,0.02,nan,nan,nan,nan,nan,nan
CSP15B,NaN,13:47:12.11,-24:22:17.10,0.02,nan,nan,nan,nan,nan,nan
LSQ14dsu,NaN,20:22:00.86,-51:47:46.33,0.02,nan,nan,nan,nan,nan,nan
SN2012U,NaN,02:06:04.33,-55:11:37.50,0.02,nan,nan,nan,nan,nan,nan
ASASSN-14my,NaN,11:38:29.98,-08:58:35.79,0.021,nan,nan,nan,nan,nan,nan
LSQ14ajn,NaN,11:55:30.88,+11:55:25.88,0.021,nan,nan,nan,nan,nan,nan
SN2013fz,NaN,04:23:46.44,-51:35:46.30,0.021,nan,nan,nan,nan,nan,nan
SN2014Z,NaN,01:44:07.99,-61:07:07.40,0.021,nan,nan,nan,nan,nan,nan
SN2013bc,NaN,13:10:21.31,-07:10:24.10,0.022,nan,nan,nan,nan,nan,nan
SN2014dn,NaN,04:17:54.27,-56:36:45.20,0.022,nan,nan,nan,nan,nan,nan
ASASSN-15ba,NaN,14:04:55.09,+08:55:14.53,0.023,nan,nan,nan,nan,nan,nan
CSP14acx,NaN,23:56:06.55,+29:22:42.30,0.023,nan,nan,nan,nan,nan,nan
KISS15n,NaN,13:00:32.33,+27:58:41.00,0.023,nan,nan,nan,nan,nan,nan
ASASSN-15dd,NaN,15:43:59.07,+19:12:40.74,0.024,nan,nan,nan,nan,nan,nan
ASASSN-15gr,NaN,06:45:20.58,-34:53:38.11,0.024,nan,nan,nan,nan,nan,nan
KISS15m,NaN,12:06:00.83,+20:36:18.40,0.024,nan,nan,nan,nan,nan,nan
SN2012bh,NaN,12:13:37.33,+46:29:00.34,0.02524,nan,nan,nan,nan,nan,nan
SN2012bo,NaN,12:50:45.22,-14:16:07.69,0.02543,nan,nan,nan,nan,nan,nan
ASASSN-14kd,NaN,22:53:24.95,+04:47:57.30,0.026,nan,nan,nan,nan,nan,nan
ASASSN-14lq,NaN,22:57:19.41,-20:58:00.76,0.026,nan,nan,nan,nan,nan,nan
SN2013N,NaN,11:50:04.13,+21:16:46.00,0.026,nan,nan,nan,nan,nan,nan
LSQ11ot,NaN,05:15:48.34,+06:46:39.36,0.027,nan,nan,nan,nan,nan,nan
SN2013bs,NaN,17:17:22.03,+41:04:00.20,0.0276,nan,nan,nan,nan,nan,nan
CSP13abm,NaN,03:05:59.89,+04:32:38.20,0.028,nan,nan,nan,nan,nan,nan
SN2012ar,NaN,16:20:36.02,-10:27:38.30,0.028,nan,nan,nan,nan,nan,nan
ASASSN-15as,NaN,09:39:16.55,+06:25:48.53,0.029,nan,nan,nan,nan,nan,nan
PTF11pbp,NaN,23:27:55.52,+08:46:45.00,0.029,nan,nan,nan,nan,nan,nan
CSP14acl,NaN,01:01:07.04,-10:18:39.90,0.03,nan,nan,nan,nan,nan,nan
CSS140425:161024+470440,NaN,16:10:23.61,+47:04:40.30,0.03,nan,nan,nan,nan,nan,nan
iPTF15wb,NaN,08:28:18.07,+00:17:22.70,0.03,nan,nan,nan,nan,nan,nan
LSQ13ry,NaN,10:32:48.00,+04:11:51.75,0.03,nan,nan,nan,nan,nan,nan
PS1-13dkh,NaN,03:11:16.09,+15:42:58.30,0.03,nan,nan,nan,nan,nan,nan
SN2014I,NaN,05:42:19.80,-25:32:39.90,0.03,nan,nan,nan,nan,nan,nan
LSQ12fxd,NaN,05:22:17.02,-25:35:47.01,0.031,nan,nan,nan,nan,nan,nan
CSP14adc,NaN,02:26:23.31,+27:39:34.80,0.032,nan,nan,nan,nan,nan,nan
iPTF14fpg,NaN,00:28:12.00,+07:09:43.50,0.032,nan,nan,nan,nan,nan,nan
ASASSN-15fr,NaN,09:20:20.44,-07:38:26.78,0.033,nan,nan,nan,nan,nan,nan
LSQ11pn,NaN,05:16:41.54,+06:29:29.40,0.033,nan,nan,nan,nan,nan,nan
SN2012hl,NaN,00:50:17.76,+24:31:52.20,0.033,nan,nan,nan,nan,nan,nan
SN2014dl,NaN,16:29:46.09,+08:38:30.60,0.033,nan,nan,nan,nan,nan,nan
ASASSN-15al,NaN,04:57:49.63,-21:35:34.11,0.034,nan,nan,nan,nan,nan,nan
ASASSN-15cd,NaN,09:59:14.75,+12:59:20.53,0.034,nan,nan,nan,nan,nan,nan
SN2013gv,NaN,03:09:57.31,+19:12:49.20,0.034,nan,nan,nan,nan,nan,nan
LSQ12gxj,NaN,02:52:57.38,+01:36:24.25,0.035,nan,nan,nan,nan,nan,nan
SN2013ad,NaN,03:38:41.04,+10:18:27.22,0.036,nan,nan,nan,nan,nan,nan
SN2013bo,NaN,13:17:29.19,+42:44:29.60,0.036,nan,nan,nan,nan,nan,nan
SN2013bt,NaN,14:21:15.19,+61:34:15.42,0.0364,nan,nan,nan,nan,nan,nan
CSP12G,NaN,09:02:02.34,+10:18:00.10,0.037,nan,nan,nan,nan,nan,nan
SN2012em,NaN,22:44:01.66,+15:51:49.30,0.038,nan,nan,nan,nan,nan,nan
ASASSN-14hp,NaN,21:30:31.42,-70:38:34.35,0.039,nan,nan,nan,nan,nan,nan
ASASSN-15da,NaN,05:23:51.88,-24:42:08.38,0.039,nan,nan,nan,nan,nan,nan
ASASSN-15cb,NaN,12:39:50.23,+03:47:49.77,0.04,nan,nan,nan,nan,nan,nan
iPTF15xi,NaN,12:12:27.85,+32:09:54.50,0.04,nan,nan,nan,nan,nan,nan
LSQ11bk,NaN,04:20:44.25,-08:35:55.75,0.04,nan,nan,nan,nan,nan,nan
PSNJ03034759+0024146,NaN,03:03:47.90,+00:24:14.60,0.04,nan,nan,nan,nan,nan,nan
CSS141123:091002+521856,NaN,09:10:02.00,+52:18:56.00,0.0405,nan,nan,nan,nan,nan,nan
iPTF13dym,NaN,23:24:30.19,+14:39:04.00,0.042,nan,nan,nan,nan,nan,nan
LSQ13vy,NaN,16:06:55.85,+03:00:15.23,0.042,nan,nan,nan,nan,nan,nan
iPTF14yy,NaN,12:26:09.17,+09:58:44.20,0.043,nan,nan,nan,nan,nan,nan
iPTF13ez,NaN,12:09:51.30,+19:47:15.70,0.044,nan,nan,nan,nan,nan,nan
LSQ14jp,NaN,12:57:21.51,-15:47:33.42,0.045,nan,nan,nan,nan,nan,nan
LSQ14azy,NaN,11:12:34.73,+12:04:24.83,0.046,nan,nan,nan,nan,nan,nan
LSQ14foj,NaN,00:26:34.67,-32:48:33.09,0.046,nan,nan,nan,nan,nan,nan
LSQ12hno,NaN,03:42:43.25,-02:40:09.76,0.047,nan,nan,nan,nan,nan,nan
SN2011jn,NaN,12:57:14.79,-17:24:00.50,0.047,nan,nan,nan,nan,nan,nan
CSP13N,NaN,09:39:53.18,+16:55:16.40,0.0478,nan,nan,nan,nan,nan,nan
SN2013ck,NaN,15:24:29.11,+48:32:54.53,0.049,nan,nan,nan,nan,nan,nan
CSP13af,NaN,11:41:44.17,-17:13:48.00,0.05,nan,nan,nan,nan,nan,nan
CSS130218:092354+385837,NaN,09:23:54.52,+38:58:36.80,0.05,nan,nan,nan,nan,nan,nan
LSQ12gpw,NaN,03:12:58.24,-11:42:40.13,0.051,nan,nan,nan,nan,nan,nan
LSQ13dpm,NaN,10:29:08.32,-17:06:50.19,0.051,nan,nan,nan,nan,nan,nan
SN2012aq,NaN,14:54:05.13,+22:05:40.60,0.052,nan,nan,nan,nan,nan,nan
LSQ14gfb,NaN,05:10:05.76,-36:18:43.57,0.053,nan,nan,nan,nan,nan,nan
iPTF14gnl,NaN,00:23:48.33,-03:51:27.90,0.054,nan,nan,nan,nan,nan,nan
LSQ12btn,NaN,09:21:30.47,-09:41:29.86,0.054,nan,nan,nan,nan,nan,nan
SN2013cb,NaN,11:35:01.74,+16:07:14.91,0.0541,nan,nan,nan,nan,nan,nan
LSQ14fom,NaN,21:59:49.73,-30:16:15.56,0.056,nan,nan,nan,nan,nan,nan
LSQ14mc,NaN,09:02:13.45,+17:03:37.01,0.057,nan,nan,nan,nan,nan,nan
CSP13aay,NaN,03:25:33.51,-53:44:19.00,0.059,nan,nan,nan,nan,nan,nan
iPTF14aaf,NaN,14:36:51.00,+06:08:31.30,0.059,nan,nan,nan,nan,nan,nan
CSP13abs,NaN,12:03:06.88,-01:01:31.70,0.06,nan,nan,nan,nan,nan,nan
CSP13V,NaN,10:13:10.00,-16:31:54.00,0.06,nan,nan,nan,nan,nan,nan
LSQ12cid,NaN,10:03:57.04,-06:14:37.76,0.06,nan,nan,nan,nan,nan,nan
LSQ15agh,NaN,10:52:54.78,+23:35:43.01,0.06,nan,nan,nan,nan,nan,nan
PTF11moy,NaN,17:06:18.06,+38:32:19.90,0.06,nan,nan,nan,nan,nan,nan
SN2013bq,NaN,13:04:08.45,+43:54:07.70,0.06,nan,nan,nan,nan,nan,nan
iPTF13anh,NaN,13:06:50.45,+15:34:32.36,0.061,nan,nan,nan,nan,nan,nan
LSQ14ip,NaN,09:44:20.22,+04:35:52.56,0.061,nan,nan,nan,nan,nan,nan
CSP14ade,NaN,05:37:18.64,-75:43:17.00,0.062,nan,nan,nan,nan,nan,nan
LSQ12gef,NaN,01:40:33.70,+18:30:36.38,0.064,nan,nan,nan,nan,nan,nan
CSP14acy,NaN,00:42:28.75,-64:45:51.00,0.066,nan,nan,nan,nan,nan,nan
LSQ13abo,NaN,14:59:21.20,-17:09:09.34,0.067,nan,nan,nan,nan,nan,nan
LSQ14ghv,NaN,03:23:44.15,-31:35:03.17,0.067,nan,nan,nan,nan,nan,nan
LSQ14q,NaN,08:53:57.58,+17:19:38.19,0.067,nan,nan,nan,nan,nan,nan
PTF11ppn,NaN,21:35:21.93,+26:56:04.70,0.067,nan,nan,nan,nan,nan,nan
LSQ15bv,NaN,10:59:47.29,-16:49:10.63,0.069,nan,nan,nan,nan,nan,nan
LSQ14wp,NaN,10:14:05.72,+06:40:30.54,0.07,nan,nan,nan,nan,nan,nan
PTF11owc,NaN,09:16:10.05,+49:37:30.70,0.07,nan,nan,nan,nan,nan,nan
LSQ12hjm,NaN,03:10:28.72,-16:29:37.08,0.071,nan,nan,nan,nan,nan,nan
LSQ15adm,NaN,20:14:21.82,-58:08:20.31,0.073,nan,nan,nan,nan,nan,nan
PTF11phk,NaN,00:23:56.70,+29:31:18.10,0.073,nan,nan,nan,nan,nan,nan
LSQ12blp,NaN,13:36:05.59,-11:37:16.87,0.074,nan,nan,nan,nan,nan,nan
CSP13aam,NaN,05:14:47.50,-66:50:29.10,0.075,nan,nan,nan,nan,nan,nan
iPTF13efe,NaN,08:43:39.30,+16:10:37.30,0.075,nan,nan,nan,nan,nan,nan
LSQ13lq,NaN,13:44:10.81,+03:03:43.42,0.076,nan,nan,nan,nan,nan,nan
CSP14aal,NaN,09:57:39.11,+12:33:17.70,0.077,nan,nan,nan,nan,nan,nan
KISS13j,NaN,12:09:39.70,+16:12:14.30,0.077,nan,nan,nan,nan,nan,nan
CSP13aaf,NaN,09:55:08.22,+06:48:31.40,0.078,nan,nan,nan,nan,nan,nan
LSQ14ba,NaN,11:01:23.01,-15:37:10.29,0.078,nan,nan,nan,nan,nan,nan
LSQ14fms,NaN,00:14:59.82,-51:12:39.54,0.078,nan,nan,nan,nan,nan,nan
CSP13Z,NaN,10:52:06.06,-13:34:24.70,0.0789,nan,nan,nan,nan,nan,nan
CSP14abk,NaN,17:04:13.69,+17:48:39.40,0.08,nan,nan,nan,nan,nan,nan
KISS13v,NaN,13:52:56.63,+21:56:21.70,0.08,nan,nan,nan,nan,nan,nan
LSQ14auy,NaN,14:28:11.30,-04:03:17.50,0.082,nan,nan,nan,nan,nan,nan
LSQ12bld,NaN,13:42:44.03,+08:05:33.74,0.083,nan,nan,nan,nan,nan,nan
iPTF13dad,NaN,01:48:08.39,+37:33:29.10,0.086,nan,nan,nan,nan,nan,nan
LSQ13pf,NaN,13:48:14.35,-11:38:38.58,0.086,nan,nan,nan,nan,nan,nan
iPTF13dwl,NaN,21:16:49.05,+12:00:50.80,0.087,nan,nan,nan,nan,nan,nan
iPTF14uo,NaN,13:18:57.69,+09:42:40.30,0.09,nan,nan,nan,nan,nan,nan
LSQ14gov,NaN,04:06:01.33,-16:01:41.49,0.09,nan,nan,nan,nan,nan,nan
LSQ12gyc,NaN,02:45:50.07,-17:55:45.74,0.093,nan,nan,nan,nan,nan,nan
LSQ13dby,NaN,03:26:42.84,-34:38:05.49,0.1,nan,nan,nan,nan,nan,nan
LSQ12cdl,NaN,12:53:39.96,-18:30:26.16,0.108,nan,nan,nan,nan,nan,nan
iPTF13dyt,NaN,05:01:48.26,+02:41:49.70,0.11,nan,nan,nan,nan,nan,nan
LSQ14gfn,NaN,03:28:32.16,-04:12:14.22,0.122,nan,nan,nan,nan,nan,nan
LSQ13dqh,NaN,04:22:05.90,-02:53:24.24,0.13,nan,nan,nan,nan,nan,nan
KISS13l,NaN,11:14:54.07,+29:35:06.00,0.132,nan,nan,nan,nan,nan,nan
LSQ12hnr,NaN,10:43:14.77,-08:46:40.89,0.135,nan,nan,nan,nan,nan,nan
LSQ12cda,NaN,13:50:02.32,+09:37:47.10,0.138,nan,nan,nan,nan,nan,nan
SN2004dt,NaN,02:02:12.77,-00:05:51.5,0.0197303,0.864,0.015,-0.17,0.034,14.679,0.047
SN2004eo,NaN,20:32:54.19,+09:55:42.7,0.0231093,0.892,0.004,0.038,0.015,15.068,0.045
SN2004gc,NaN,05:21:49.95,+06:40:33.7,0.0307012,0.965,0.013,0.107,0.023,16.642,0.086
SN2004gu,NaN,12:46:24.72,+11:56:56.1,0.0453647,1.15,0.01,0.095,0.024,17.417,0.014
SN2005A,NaN,02:30:43.25,-02:56:19.8,0.0191399,0.973,0.009,1.072,0.009,18.151,0.014
SN2005al,NaN,13:50:00.33,-30:34:34.2,0.0124019,0.864,0.008,-0.076,0.016,14.817,0.025
SN2005am,NaN,09:16:12.47,-16:18:16.0,0.0078988,0.775,0.006,0.035,0.015,13.6,0.026
SN2005bl,NaN,12:04:12.26,+20:24:24.8,0.02406,0.618,0.005,0.522,0.022,18.507,0.016
SN2005bo,NaN,12:49:41.03,-11:05:47.3,0.0136861,0.852,0.02,0.222,0.017,15.638,0.023
SN2005el,NaN,05:11:48.72,+05:11:39.4,0.0149103,0.856,0.006,-0.096,0.024,14.844,0.049
SN2005iq,NaN,23:58:32.50,-18:42:33.0,0.0340436,0.881,0.008,-0.084,0.021,16.765,0.011
SN2005ki,NaN,10:40:28.22,+09:12:08.4,0.0196069,0.867,0.006,-0.068,0.02,15.538,0.018
SN2005mc,NaN,08:27:06.36,+21:38:45.6,0.0252208,0.746,0.015,0.272,0.021,17.127,0.03
SN2005W,NaN,01:50:45.77,+21:45:35.4,0.00888948,0.954,0.007,0.131,0.011,14.124,0.03
SN2006ax,NaN,11:24:03.46,-12:17:29.2,0.0168116,0.987,0.006,-0.115,0.009,14.963,0.022
SN2006bd,NaN,11:38:28.46,+20:31:34.4,0.0257245,0.645,0.038,0.854,0.055,18.56,0.055
SN2006bh,NaN,22:40:16.10,-66:29:06.3,0.0108475,0.818,0.006,-0.05,0.013,14.343,0.015
SN2006ev,NaN,21:30:59.26,+13:59:21.2,0.0287332,0.872,0.015,0.124,0.028,17.044,0.047
SN2006gj,NaN,03:17:35.80,-01:41:30.2,0.0283529,0.711,0.017,0.252,0.023,17.604,0.036
SN2006hb,NaN,05:02:01.28,-21:07:55.1,0.0153439,0.735,0.037,-0.02,0.047,15.195,0.098
SN2006kf,NaN,03:41:50.48,+08:09:25.0,0.0213014,0.767,0.007,-0.025,0.025,15.809,0.1
SN2007ai,NaN,16:12:53.74,-21:37:48.7,0.0316619,1.131,0.022,0.128,0.03,16.832,0.135
SN2007as,NaN,09:27:36.01,-80:10:39.2,0.0175722,0.906,0.014,0.033,0.026,15.341,0.061
SN2007bm,NaN,11:25:02.30,-09:47:53.8,0.00619429,0.923,0.014,0.474,0.013,14.494,0.022
SN2007if,NaN,01:10:51.37,+15:27:39.9,0.0741999,1.073,0.027,-0.095,0.037,16.668,0.066
SN2007jd,NaN,02:59:53.37,+01:09:38.6,0.0726336,nan,nan,nan,nan,nan,nan
SN2007jg,NaN,03:29:50.82,+00:03:24.6,0.0371324,0.934,0.012,0.064,0.024,17.217,0.043
SN2007jh,NaN,03:36:01.54,+01:06:12.2,0.0407949,0.689,0.012,0.051,0.028,18.321,0.044
SN2007N,NaN,12:49:01.25,-09:27:10.2,0.0128789,0.521,0.013,1.055,0.015,18.132,0.021
SN2007on,NaN,03:38:50.90,-35:34:30.0,0.00649449,0.714,0.005,0.127,0.006,13.017,0.009
SN2007st,NaN,01:48:42.47,-48:38:57.8,0.0211813,nan,nan,nan,nan,nan,nan
SN2007ux,NaN,10:09:19.98,+14:59:32.8,0.0309147,0.593,0.018,nan,nan,17.426,0.082
SN2008bd,NaN,10:18:23.32,-13:06:11.2,0.0301042,nan,nan,nan,nan,nan,nan
SN2008bf,NaN,12:04:02.90,+20:14:42.6,0.0235,1.039,0.01,-0.441,0.013,15.664,0.017
SN2008bi,NaN,08:35:53.39,+00:42:23.1,0.013446,0.56,0.026,0.309,0.051,16.361,0.093
SN2008bq,NaN,06:41:02.51,-38:02:19.0,0.0340002,1.046,0.015,0.097,0.008,16.698,0.038
SN2008bt,NaN,10:50:16.88,-12:06:32.0,0.015364,nan,nan,nan,nan,nan,nan
SN2008bz,NaN,12:38:57.74,+11:07:46.2,0.0602784,0.962,0.068,-0.112,0.029,17.903,0.049
SN2008C,NaN,06:57:11.53,+20:26:13.7,0.0166215,0.992,0.018,0.137,0.011,15.554,0.042
SN2008cc,NaN,21:03:29.62,-67:11:01.1,0.0103939,nan,nan,nan,nan,nan,nan
SN2008cd,NaN,13:15:01.75,-15:57:06.8,0.00741179,0.718,0.032,1.997,0.051,19.034,0.131
SN2008fl,NaN,19:36:44.84,-37:33:04.5,0.0199138,nan,nan,nan,nan,nan,nan
SN2008fr,NaN,01:11:49.14,+14:38:27.0,0.0390003,1.097,0.018,-0.106,0.016,16.77,0.03
SN2008fu,NaN,03:02:28.50,-24:27:21.5,0.0524063,nan,nan,nan,nan,nan,nan
SN2008fw,NaN,10:28:55.97,-44:39:55.6,0.00854925,nan,nan,nan,nan,nan,nan
SN2008gg,NaN,01:25:23.04,-18:10:20.8,0.0320155,nan,nan,nan,nan,nan,nan
SN2008gl,NaN,01:20:54.82,+04:48:19.1,0.0340169,0.879,0.013,0.012,0.014,16.804,0.016
SN2008gp,NaN,03:23:00.73,+01:21:42.8,0.0334131,0.99,0.008,-0.112,0.009,16.347,0.051
SN2008hu,NaN,08:09:14.76,-18:39:13.1,0.0497,nan,nan,nan,nan,nan,nan
SN2008O,NaN,06:57:34.46,-45:48:44.3,0.0388569,nan,nan,nan,nan,nan,nan
SN2008R,NaN,03:03:53.70,-11:59:39.4,0.0135027,0.663,0.013,0.138,0.009,15.236,0.031
SN2009ab,NaN,04:16:36.39,+02:45:51.0,0.0111711,nan,nan,nan,nan,nan,nan
SN2009ad,NaN,05:03:33.38,+06:39:35.7,0.0283996,1.024,0.01,-0.082,0.013,16.09,0.046
SN2009ag,NaN,07:11:40.81,-26:41:06.3,0.00863931,0.977,0.013,0.132,0.022,14.523,0.105
SN2009al,NaN,10:51:22.07,+08:34:42.7,0.0221053,0.967,0.012,0.083,0.014,16.207,0.018
SN2009cz,NaN,09:15:00.02,+29:44:07.1,0.021138,nan,nan,nan,nan,nan,nan
SN2009dc,NaN,15:51:12.12,+25:42:28.0,0.0213915,1.333,0.022,-0.124,0.007,14.984,0.03
SN2009F,NaN,04:59:23.56,-11:07:50.1,0.0129556,0.496,0.008,0.584,0.01,16.859,0.043
